{
  "pgd_only": {
    "clean": 0.9966975375116663,
    "fgsm": 0.9915284657907962,
    "pgd": 0.9908823318256874
  },
  "fgsm_only": {
    "clean": 0.9969847081628258,
    "fgsm": 0.9954052695814488,
    "pgd": 0.7515255940842845
  },
  "combined": {
    "clean": 0.996841122837246,
    "fgsm": 0.993179697034963,
    "pgd": 0.9882260033024625
  },
  "no_adv_training": {
    "clean": 0.9975590494651446,
    "fgsm": 0.26871993682245676,
    "pgd": 0.20834230741618207
  }
}