{
  "clean": 0.9975590494651446,
  "fgsm": 0.26871993682245676,
  "pgd": 0.20834230741618207,
  "epsilon": 0.05,
  "pgd_steps": 7
}