{
  "accuracy": 0.9975590494651446,
  "precision": 0.9995674740484429,
  "recall": 0.9955485353245261,
  "f1": 0.9975539568345324,
  "roc_auc": 0.9997948015287729
}