{
  "baseline": {
    "clean": 0.9995333333333334,
    "fgsm": 0.9736666666666667,
    "pgd": 0.6913333333333334
  },
  "robust": {
    "clean": 0.9994666666666666,
    "fgsm": 0.9994666666666666,
    "pgd": 0.9994666666666666
  },
  "n_features": 77,
  "n_train": 72250,
  "n_test": 15000
}