{
  "clean": 0.9966975375116663,
  "fgsm": 0.9915284657907962,
  "pgd": 0.9908105391628975,
  "epsilon": 0.05,
  "pgd_steps": 7
}