{
  "epsilons": [
    0.01,
    0.025,
    0.05,
    0.075,
    0.1
  ],
  "baseline_fgsm": {
    "0.01": 0.9321559336635796,
    "0.025": 0.5503625529470888,
    "0.05": 0.26871993682245676,
    "0.075": 0.11494005312657046,
    "0.1": 0.08134108694091464
  },
  "robust_fgsm": {
    "0.01": 0.996338574197717,
    "0.025": 0.9959078182209778,
    "0.05": 0.9915284657907962,
    "0.075": 0.9112642687917295,
    "0.1": 0.5481369804006031
  },
  "baseline_pgd": {
    "0.01": 0.9309354583961519,
    "0.025": 0.4488477277622227,
    "0.05": 0.20913202670687056,
    "0.075": 0.12642687917294854,
    "0.1": 0.10208916648718501
  },
  "robust_pgd": {
    "0.01": 0.996338574197717,
    "0.025": 0.9956924402326083,
    "0.05": 0.9907387465001077,
    "0.075": 0.8260463780601622,
    "0.1": 0.4842415105176251
  }
}