{
  "accuracy": 0.9966975375116663,
  "precision": 0.9987024221453287,
  "recall": 0.9946869615163699,
  "f1": 0.9966906474820144,
  "roc_auc": 0.9997547535000019
}