{
  "top_features": [
    "ACK Flag Count",
    "Packet Length Min",
    "URG Flag Count",
    "Init Bwd Win Bytes",
    "Flow Duration",
    "Fwd IAT Total",
    "Avg Packet Size",
    "Bwd Packet Length Max",
    "Packet Length Std",
    "CWE Flag Count",
    "Packet Length Max",
    "RST Flag Count",
    "Packet Length Mean",
    "Fwd Packet Length Std",
    "Protocol",
    "Avg Bwd Segment Size",
    "Bwd Packet Length Min",
    "Fwd Packet Length Max",
    "Bwd IAT Total",
    "Init Fwd Win Bytes"
  ],
  "all_importance_scores": {
    "ACK Flag Count": 1.6229629526138305,
    "Packet Length Min": 0.7291349497437477,
    "URG Flag Count": 0.6680202659219503,
    "Init Bwd Win Bytes": 0.33238423977792264,
    "Flow Duration": 0.2756743330305908,
    "Fwd IAT Total": 0.2755647852133261,
    "Avg Packet Size": 0.2717563690263778,
    "Bwd Packet Length Max": 0.27150393110048027,
    "Packet Length Std": 0.18915595181519165,
    "CWE Flag Count": 0.15632465506670998,
    "Packet Length Max": 0.13806831014555063,
    "RST Flag Count": 0.11671980640059337,
    "Packet Length Mean": 0.09517193120935553,
    "Fwd Packet Length Std": 0.08507080890517682,
    "Protocol": 0.08472991866082884,
    "Avg Bwd Segment Size": 0.08123930653114803,
    "Bwd Packet Length Min": 0.08020061897351843,
    "Fwd Packet Length Max": 0.07251939195126761,
    "Bwd IAT Total": 0.06947446479205974,
    "Init Fwd Win Bytes": 0.06478892370821995,
    "Fwd Packet Length Mean": 0.05151265519631852,
    "Flow Packets/s": 0.05096654336177744,
    "Bwd Packet Length Std": 0.049996449065190976,
    "Bwd Packet Length Mean": 0.045383668290160134,
    "Active Max": 0.040958161730653954,
    "Fwd Packets/s": 0.03420951029518619,
    "Fwd IAT Max": 0.033759084762539714,
    "Avg Fwd Segment Size": 0.031311332993529506,
    "Down/Up Ratio": 0.027884604978724383,
    "Idle Mean": 0.026814202726527583,
    "Idle Max": 0.02588312868241337,
    "Fwd Packet Length Min": 0.02552657811268,
    "Bwd IAT Mean": 0.025105661516368855,
    "Bwd IAT Std": 0.024554623760821414,
    "Packet Length Variance": 0.02313052041264018,
    "Flow IAT Max": 0.022475821064697813,
    "Bwd IAT Max": 0.02188427066989243,
    "Flow Bytes/s": 0.021462797538930316,
    "Flow IAT Mean": 0.021082258297945373,
    "Fwd PSH Flags": 0.019514068859309192,
    "Fwd IAT Mean": 0.012737595954928111,
    "Flow IAT Std": 0.010413992330679321,
    "Bwd IAT Min": 0.00940102225204464,
    "Active Min": 0.008213178678815894,
    "Idle Std": 0.006845744777674554,
    "Fwd IAT Std": 0.006533066183965275,
    "Fwd Seg Size Min": 0.006364084691975222,
    "Idle Min": 0.00541267454636909,
    "Active Std": 0.004141350052181224,
    "Active Mean": 0.0032470772124961514,
    "Bwd Packets/s": 0.00149958511454588,
    "Subflow Fwd Bytes": 0.001323701095105207,
    "Fwd Packets Length Total": 0.0007006543705099375,
    "Fwd Header Length": 0.00043144531238613126,
    "Bwd Header Length": 0.00022648149581105029,
    "Flow IAT Min": 3.684367609008632e-05,
    "Fwd Act Data Packets": 2.6234466323271644e-05,
    "Subflow Bwd Packets": 2.2253376650951397e-05,
    "Fwd IAT Min": 1.773588509589885e-05,
    "Bwd Packets Length Total": 1.2571134310562115e-05,
    "Subflow Bwd Bytes": 1.1046412006320949e-05,
    "Total Backward Packets": 1.017767273500958e-05,
    "Subflow Fwd Packets": 3.972975144307611e-06,
    "Total Fwd Packets": 3.56775285560218e-06,
    "Bwd PSH Flags": 0.0,
    "Fwd URG Flags": 0.0,
    "Bwd URG Flags": 0.0,
    "FIN Flag Count": 0.0,
    "SYN Flag Count": 0.0,
    "PSH Flag Count": 0.0,
    "ECE Flag Count": 0.0,
    "Fwd Avg Bytes/Bulk": 0.0,
    "Fwd Avg Packets/Bulk": 0.0,
    "Fwd Avg Bulk Rate": 0.0,
    "Bwd Avg Bytes/Bulk": 0.0,
    "Bwd Avg Packets/Bulk": 0.0,
    "Bwd Avg Bulk Rate": 0.0
  }
}